{
  "project_info": {
    "project_number": "1009256781045",
    "firebase_url": "https://organicfoods-807d8.firebaseio.com",
    "project_id": "organicfoods-807d8",
    "storage_bucket": "organicfoods-807d8.appspot.com"
  },
  "client": [
    {
      "client_info": {
        "mobilesdk_app_id": "1:1009256781045:android:ab2451b25c66453e",
        "android_client_info": {
          "package_name": "svrinfotech.com.organicfoods"
        }
      },
      "oauth_client": [
        {
          "client_id": "1009256781045-s1pnln491ar11h26uc0psp7m2dcrbujf.apps.googleusercontent.com",
          "client_type": 1,
          "android_info": {
            "package_name": "svrinfotech.com.organicfoods",
            "certificate_hash": "e641fe3caec5822eb7fbf4c81945e7bb8630c4a7"
          }
        },
        {
          "client_id": "1009256781045-fa1fv726ekkm4q0sms3c3dvgghmcu42k.apps.googleusercontent.com",
          "client_type": 3
        }
      ],
      "api_key": [
        {
          "current_key": "AIzaSyD_mZwQ55zjBj_nMAfyJf52CT0OHYVRK6s"
        }
      ],
      "services": {
        "analytics_service": {
          "status": 1
        },
        "appinvite_service": {
          "status": 2,
          "other_platform_oauth_client": [
            {
              "client_id": "1009256781045-fa1fv726ekkm4q0sms3c3dvgghmcu42k.apps.googleusercontent.com",
              "client_type": 3
            }
          ]
        },
        "ads_service": {
          "status": 2
        }
      }
    }
  ],
  "configuration_version": "1"
}